kind,title,url
t3,"Megathread: EXO Chen, Baekhyun, and Xiumin vs. SM Entertainment Contract Termination Dispute",https://www.reddit.com/r/kpop/comments/13xkqav/megathread_exo_chen_baekhyun_and_xiumin_vs_sm/
t3,"This Week In KPOP - June 3, 2023",https://www.reddit.com/r/kpop/comments/13zw6kw/this_week_in_kpop_june_3_2023/
t3,YG Entertainment shares official statement following the expiration of G-Dragon's exclusive contract,https://kpopping.com/news/2023/Jun/6/Will-G-Dragon-Stay-YG-Entertainment-Shares-Official-Statement-Following-the-Expiration-of-G-Dragon-s-Exclusive-Contract
t3,"""Street Woman Fighter"" Lee Chaeyeon and Rozalin to film travel variety show together",https://kbizoom.com/street-woman-fighter-lee-chaeyeon-and-rozalin-to-film-travel-variety-show-together/
t3,KARD - 2023 World Tour 'PLAYGROUND' Announcement,https://i.redd.it/6wy0nbi0s74b1.jpg
t3,Tiffany Young - Over My Skin (Original Cut),https://player.vimeo.com/video/287653214
t3,fromis_9 - #menow,https://www.youtube.com/watch?v=QrYIOjs7K8E
t3,Mnet Queendom Puzzle - Meeting The Queens for the first time! (Behind Film) (Air Date: 230613),https://youtu.be/Y0B_1rx4f4g
t3,Halsey &amp; SUGA (BTS) - Lilith (Diablo IV Anthem),https://youtu.be/9PdH-zavwO4
t3,OMEGA X Jaehan &amp; Yechan - 'A Shoulder to Cry On' Fanmeeting (Poster Image),https://i.redd.it/qqsltcj9s94b1.jpg
t3,Eric Nam (with KARD) - KARD‚Äôs Hidden Stories and Unveiling New Mini Album ‚ÄòICKY‚Äô | S3 EP6 @ The Daebak Show (230606) [ENG SUB],https://youtu.be/wR4RRlASthA
t3,NC.A will be part of the 'Kimi ni Todoke' Korean OST remake project,https://twitter.com/LoveNCA/status/1663876654777896961?s=19
t3,tripleS +(KR)ystal Eyes - EP.577: +(KR)ystal Eyes has just the ‚ÄòAESTHETIC‚Äô we have been looking for @ Arirang After School Club (230606),https://youtu.be/Y-9JMSgdSPE
t3,Hi-Fi Un!corn - Debut Digital Single 'Over the Rainbow' (Teaser Schedule),https://i.redd.it/lrg1iwypcb4b1.jpg
t3,NCT Taeyong - ÏÉ§ÎûÑÎùº (SHALALA),https://www.youtube.com/watch?v=aO5DPf0vebc
t3,"tripleS +(KR)ystal Eyes Soomin (with CRAVITY Allen &amp; Taeyoung, Aaron Kwak) - Cherry Talk (Dance Challenge) (230606)",https://twitter.com/arirang_asc/status/1665947567228862468?s=46
t3,"NCT 127 Taeyong has surpassed 500,000 stock pre-orders for his debut mini-album ‚ÄòSHALALA‚Äô",https://twitter.com/ltyglobal/status/1665632601816612868?s=61&amp;t=zt02TVBCzLijws7zbUcoMQ
t3,fromis_9 - Unlock My World (The 1st Album),https://www.reddit.com/r/kpop/comments/14181pd/fromis_9_unlock_my_world_the_1st_album/
t3,"ATEEZ - THE WORLD EP.2 : OUTLAW (Concept Photos #2 - San, Mingi, Wooyoung, Jongho)",https://www.reddit.com/gallery/141hh3g
t3,U-KISS - 15th Anniversary Comeback Album ‚ÄòPLAY LIST‚Äô (Image Teasers - Soohyun &amp; Alexander / Xander),https://www.reddit.com/gallery/141y5yd
t3,NMIXX - What excites rising K-pop girl group Nmixx about upcoming PH visit @ Inquirer.net (230606),https://entertainment.inquirer.net/502934/what-excites-rising-k-pop-girl-group-nmixx-about-upcoming-ph-visit
t3,THE NEW SIX (TNX) - 3rd Mini Album 'BOYHOOD' (Teaser Video - Kick It 4 Now (930517)),https://www.youtube.com/watch?v=Oegu0AOv5s4
t3,IVE and Monsta X‚Äôs Shownu &amp; Hyungwon to Headline Inaugural Krazy K-Pop Super Concert in New York (AB6IX and Kwon Eun Bi Also Scheduled to Perform),https://www.billboard.com/music/concerts/krazy-kpop-super-concert-new-york-ive-monsta-x-exclusive-1235345216/
t3,XG - XG‚Äôs Going Beyond The Clouds @ UPROXX (230605),https://uproxx.com/pop/xg-interview-88rising-head-in-the-clouds/
t3,BLITZERS - Macarena (MDR it's Live - Teaser Image),https://i.redd.it/ce9ecak0lb4b1.jpg
t3,Lapillus - VLOG Ep. 6: Lapillus | Lapis~Saranghae (230605) [ENG SUB],https://www.youtube.com/watch?v=FLTMCprDQ1M
t3,BTOB &amp; aespa announced as part of the lineup for the 2023 Waterbomb Festival in Seoul,https://www.reddit.com/gallery/14160p2
t3,KARD (with Eric Nam) - ICKY (Dance Challenge) (230606),https://www.youtube.com/watch?v=IxgeXcoSmPo
t3,Stray Kids Felix with TWICE Dahyun - S-Class (Dance Challenge) (230605),https://www.youtube.com/watch?v=zVneES4ipy4
t3,Ether (Ïù¥ÏÑú) - Wonderland (Íµ¨Î¶ÑÍ∏∏),https://www.youtube.com/watch?v=p7mPuuqMawI
t3,Phantom Singer 4's winner LIBELANTE signs to STUDIO JAMM and opens social media accounts,https://i.redd.it/45f9f6t4t84b1.jpg
t3,REN - The 1st Mini Album: Ren'dezvous (Concept Photo #4 - SEASON Vers.),https://www.reddit.com/gallery/141hd53
t3,Kim Dohee (former SONAMOO) - 4th Digital Single 'Îã§Ïùå ÎßêÍ≥† Ïò§Îäò' (Teaser Image),https://i.redd.it/w6qyczetq94b1.jpg
t3,"SECRET NUMBER - Secret Number came to promote DOXA, but eventually revealed past photos! @ HANBAM Class (230524) [ENG SUB]",https://www.youtube.com/watch?v=zfkB0OvHaUU
t3,CRAXY - Episode 6: Toy Hammer Singing Room @ It's CRAXY Time (230606) [ENG SUB],https://www.youtube.com/watch?v=rLDCjvDln5M
t3,XG - Girl Group XG Puts Their Acting Skills To The Test @ Cosmopolitan That's So Emo (230606) [ENG SUB],https://youtu.be/jfL0vCvh31A
t3,Taeyong (NCT) - SHALALA (1st Mini Album),https://www.reddit.com/r/kpop/comments/14181ox/taeyong_nct_shalala_1st_mini_album/
t3,"Billlie, ONEUS and VIVIZ to perform at the Canada Kimchi Festival on June 24 + 25",https://twitter.com/kimchi_canada/status/1665640418921381892?s=19
t3,P1Harmony - Episode 2: The Ultimate K-pop Concert DIY Kit @ hello82 Wish Upon Your STAR (230606) [ENG SUB],https://youtu.be/8sFGEEQ_4lk
t3,Stray Kids Reveal The First Celebrity To Follow Them On Social Media | First Thing With @ ELLE (230605) [ENG/ENG SUB],https://youtu.be/ucreWJ5Q2xQ
t3,Phantom Singer 4's runner-up FORT√âNA signs to SHOWPLAY and opens social media accounts,https://i.redd.it/c7fhhtw4x84b1.jpg
t3,"PLEDIS Entertainment's Sung Soo Han Talks Rise of SEVENTEEN, K-pop @ Pollstar (230605)",https://news.pollstar.com/2023/06/05/pledis-entertainments-sung-soo-han-talks-rise-of-seventeen-k-pop/
t3,fromis_9 - The 1st Album: Unlock My World (Comeback Showcase) (230605),https://www.youtube.com/watch?v=gSaxd3gZOMU
t3,Jiyul - What Should I Do?,https://www.youtube.com/watch?v=07olX2aR9xY
t3,Stray Kids - S-Class (Dance Practice),https://youtu.be/Dd6Jxk5Kgws
t3,LIMELIGHT Gaeun - School VLLog Vol2,https://youtu.be/557AbyPYIQA
t3,DAY6‚Äôs Young K To Return As DJ For ‚ÄúDAY6‚Äôs Kiss the Radio‚Äù,https://www.soompi.com/article/1591797wpp/day6s-young-k-to-return-as-dj-for-day6s-kiss-the-radio
t3,COCONA - Complicated (Lyric Video),https://youtu.be/upCzt8KFBL8
t3,P1Harmony - JUMP (MV Teaser #2),https://youtu.be/Cdy2XzqzuXs
t3,"MonoTree (Host: Umu Cado) - Part 1: MonoTree take a trip down memory lane (writing for LOONA, ONF, Red Velvet &amp; more!) @ ReacttotheK MonoTree Interview (230605) [ENG SUB]",https://youtu.be/5h94twyblM0
t3,BLACKPINK Jisoo - JISOO and her 'Lady 95.22' (DIOR CF),https://youtu.be/ESwXTgVl3hc
t3,Kassy - Crush on you (Live Clip),https://youtu.be/P4fK4bTxBjA
t3,"KARD, STAYC tapped as ambassadors of Korea Brand Expo 2023 in Frankfurt",https://www.koreaherald.com/view.php?ud=20230605000454&amp;np=1&amp;mp=1
t3,fromis_9 - #menow (Cheering Guide),https://www.youtube.com/watch?v=j0i9myC98Dg
t3,TWICE Dahyun - Good Mood (orig. Adam Levine - PAW Patrol: The Movie OST) (Dahyun Melody Project Behind the Scenes) [ENG SUB],https://www.youtube.com/watch?v=sxanmYeHM94
t3,TWICE Jihyo - Killin' Me Good (Solo Debut Teaser Poster),https://i.redd.it/f2h6rtg4o04b1.jpg
t3,Roy Kim - Digital Single: We Go High (Comeback Teaser Image + Logo/Header Update),https://www.reddit.com/gallery/141tmct
t3,"IVE - Episode 6 @ 1,2,3 IVE 3 (230605) [ENG SUB]",https://www.youtube.com/watch?v=-FgZ0HF5NUs
t3,Jay Park - Putting the K in hip-hop: South Korea's Jay Park @ The Korea Herald (230605),http://www.koreaherald.com/view.php?ud=20230605000622&amp;np=1&amp;mp=1
t3,"AOMG (LeeHi, Code Kunst, GOT7 Yugyeom, GRAY, meenoi, Woo) x Boucheron - W Korea (Digital Issue Pictorial Preview)",https://www.reddit.com/gallery/1414o1c
t3,GOT7 BamBam announced as part of the lineup for 2023 Waterbomb Festival in Seoul on June 25th,https://i.redd.it/kyfd1w9y1c4b1.jpg
t3,B.I.G - D-4 Oman Concert Teaser [ENG SUB],https://youtu.be/-AdcQgsixlY
t3,NME reviews Stray Kids ‚Äì ‚Äò5-Star‚Äô review: cementing their superstar status (5/5),https://www.nme.com/reviews/album/stray-kids-5-star-review-cementing-their-superstar-status-3451712
t3,DIA Eunchae has opened an official TikTok account,https://www.tiktok.com/@eunchaewon526?_t=8cutJLYZ39a&amp;_r=1
t3,LE SSERAFIM - The 1st Studio Album: UNFORGIVEN / UNFORGIVEN (feat. Nile Rodgers) (Dance Practice Sketch) @ EPISODE (230605) [ENG SUB],https://www.youtube.com/watch?v=8wcvG1i8trc
t3,MAMAMOO - MAMAMOO: MY CON The Movie (Movie Poster),https://i.redd.it/poclyqbcg44b1.jpg
t3,Ash Island - DAZED Korea (June 2023 Issue Pictorial),https://www.reddit.com/gallery/141hg3h
t3,ITZY Chaeryeong - Blueming (orig. IU) (B-Day Track #65 - Behind) [ENG SUB],https://www.youtube.com/watch?v=KJAJZaZ7gb8
t3,"Song Heejin (former GOOD DAY) - Hi, I'm an Alien",https://youtu.be/UUPYjahpSlk
t3,"tripleS - BigEyez are so cute, please understand @ tripleS : SIGNAL (230605)",https://youtu.be/IzyTULBPi78
t3,Baek Yebin (Former DIA) - Single Album: Contrail (Teaser Images #1 + Logo/Header Update),https://www.reddit.com/gallery/1419yc3
t3,BTS - Digital Single: Take Two (Teaser Image - A Piece of 'Take Two' ‚Äì j-hope : TOGETHER),https://i.redd.it/v1ll9yqb264b1.jpg
t3,NiziU Rio &amp; Ayaka - S-Class (orig. Stray Kids) (Dance Challenge) (230605),https://www.youtube.com/watch?v=5Cv6P74HZ6s
t3,BOYNEXTDOOR - One and Only (Dance Practice),https://youtu.be/YesxqgVVrSQ
t3,Han Seungwoo (VICTON) - Coming Soon (Logo Motion Teaser),https://youtu.be/nfMpJUkH14A
t3,NIKA (former Badkiz Monika) - Completely (Teaser),https://twitter.com/maygirlnika/status/1665583842319642624?t=3CrHs8Xm8oavjbFYwz3Hiw&amp;s=19
t3,KISS OF LIFE Natty - West Coast Love (orig. Emotional Oranges) (Application Video for AUDITION XX),https://youtube.com/watch?v=CDB_AMy65do
t3,r/kpop Sings 4th Gen Battle Royale! VOTING OPEN!,https://www.reddit.com/r/kpop/comments/141j51k/rkpop_sings_4th_gen_battle_royale_voting_open/
t3,I.M (MONSTA X) - 2nd Mini Album 'OVERDRIVE' (Concept Photos #2),https://www.reddit.com/gallery/1419dyw
t3,Former ‚ÄúProduce 101‚Äù Contestant Kim Ja Yeon Announces Marriage With Beautiful Wedding Photos,https://www.soompi.com/article/1591742wpp/former-produce-101-contestant-kim-ja-yeon-announces-marriage-with-beautiful-wedding-photos
t3,TNX‚Äôs Jun Hyeok To Sit Out Of Comeback Promotional Activities For Health Reasons,https://www.soompi.com/article/1591877wpp/tnxs-jun-hyeok-to-sit-out-of-comeback-promotional-activities-for-health-reasons
t3,"ENHYPEN (Heeseung, Jay) &amp; Taesan (BOYNEXTDOOR) - 'Bite Me' Dance Challenge (230605)",https://www.youtube.com/watch?v=MCOtv-VzE18
t3,XODIAC - SPECIAL LOVE,https://youtu.be/en6FvG0ngl4
t3,THE NEW SIX (TNX) - Kick It 4 Now (MV Teaser #2),https://youtu.be/rekXYKaF53E
t3,Chanyeol (EXO) Has Opened A Personal YouTube Channel,https://youtube.com/@CHANYEOLyoutube
t3,Sungjin (DAY6) - SungJJIN Giving a Try Episode 4 : Sungjin's Amazing Woodworking. A Journey of Making a Wooden Ring! (230605) [ENG SUB],https://www.youtube.com/watch?v=CA3QE9Xl93c
t3,Xdinary Heroes to perform at the Canada Kimchi Festival on June 23 + 24,https://i.redd.it/g0egiutz364b1.jpg
t3,YURI (Girls' Generation / SNSD) - 2nd Fanmeeting Tour: Chapter 2 (Schedule Announcement Poster),https://i.redd.it/ycte5bgql34b1.jpg
t3,NCT Renjun - LOADINGÊñ∞ÊΩÆ Magazine (July 2023 Issue Pictorial Preview),https://www.reddit.com/gallery/1416igs
t3,Joohoney (MONSTA X) - 1st Mini Album 'LIGHTS' Documentary Film : 'TURN ON THE LIGHTS' Chapter 1 [ENG SUB],https://youtu.be/SoUqj5d8bkw
t3,(G)I-DLE Yuqi &amp; Shuhua with Dreamcatcher Handong - Allergy (Dance Challenge) (230605),https://www.youtube.com/watch?v=FB1SpgjiLTw
t3,YOUNITE Eunho with Heeseung (ENHYPEN) - ‚ÄòWATERFALL‚Äô (Dance Challenge) (230605),https://youtu.be/tsNq2hH4PD4
t3,DKB - The 6th Mini Album: I Need Love (Behind The Scenes Video - Practice Room Footage),https://youtu.be/RHkVne_Hzzg
t3,"LE SSERAFIM Kazuha &amp; Eunchae with BOYNEXTDOOR Leehan &amp; Woonhak - Eve, Psyche &amp; The Bluebeard's wife (Dance Challenge) (230605)",https://www.youtube.com/watch?v=aW9Pzane_lA
t3,SUPER JUNIOR - Fanmeeting: 2023 SUPER JUNIOR FAN PARTY in MANILA (Announcement Poster),https://i.redd.it/s7lf9uo6u64b1.jpg
t3,Queenz Eye Narin - I AM (orig. IVE),https://www.youtube.com/watch?v=aLridj87EXU
t3,ENHYPEN Heeseung with Eunho (YOUNITE) - ‚ÄòBite Me‚Äô (Dance Challenge) (230605),https://youtu.be/zJDHdBxd3b4
t3,Jukjae to leave Antenna following contract expiration,https://www.instagram.com/p/CtF1iLyPhCT/
t3,Kim Doah - Dream Walking (Dance Practice),https://www.youtube.com/watch?v=_MAf5mUGi8I
t3,Hi-Fi Un!corn (FNC Entertainment New Band) - Debut Digital Single 'Over the Rainbow' (Teaser Images - Group),https://www.reddit.com/gallery/140xabw
t3,NiziU - Episode 21: Miihi &amp; Mako @ To.NiziU (230605) [ENG SUB],https://www.youtube.com/watch?v=m68jyY7hTEo
t3,EXO Chanyeol (with Jang Sung Kyu &amp; Kai) - CHANYEOL Ep. 1 : Making a YouTube channel name (230605) [Eng Sub],https://www.youtube.com/watch?v=eNs7AgJa_04
t5,Reddit K-Pop | Share and discover Korean music,/r/kpop/
t5,r/kpophelp - A subreddit for help related to K-Pop,/r/kpophelp/
t5,kpopthoughts,/r/kpopthoughts/
t5,Bangtan Boys (BTS),/r/bangtan/
t5,/r/kpics - for all your K-pop picture needs,/r/kpics/
t5,"kpoppers - For K-Pop Fans, By K-Pop Fans",/r/kpoppers/
t5,Dreamcatcher (ÎìúÎ¶ºÏ∫êÏ≥ê) - BONVOYAGE üèÜüèÜ,/r/dreamcatcher/
t5,LOONA (Ïù¥Îã¨Ïùò ÏÜåÎÖÄ),/r/LOONA/
t5,Stray Kids,/r/straykids/
t5,BLŒõ∆ÜKPI–òK | üá¶üá∫ [BORN PINK] TOUR in MELBOURNE - JUNE 10-11 | r/BP will 'Shut Down' from June 12-14 ,/r/BlackPink/
t5,kpoprants,/r/kpoprants/
t5,K-Pop Gifs,/r/k_pop_gifs/
t5,unpopular kpop opinions (UKO),/r/unpopularkpopopinions/
t5,K-Pop Album Collections,/r/kpopcollections/
t5,popheads: the hottest in pop music,/r/popheads/
t5,TWICE (Ìä∏ÏôÄÏù¥Ïä§),/r/twice/
t5,HotKpopFap,/r/HotKpopFap/
t5,Sell your kpop stuff,/r/kpopforsale/
t5,r/teenagers,/r/teenagers/
t5,"Korea: Life, News, and Identity",/r/korea/
t5,Kpop Fashion,/r/KpopFashion/
t5,K-pop Nostalgia,/r/kpopnostalgia/
t5,NCT (Neo Culture Technology),/r/NCT/
t5,/r/Memes the original since 2008,/r/memes/
t5,K-Pop Opinions,/r/kpopopinions/
